id	species	ref_genome	sex
PD_0001	Cheracebus_lugens	Pithecia_pithecia.fasta	Female
PD_0002	Callibella_humilis	Callithrix_jacchus.fasta	Male
PD_0003	Cacajao_hosomi	Pithecia_pithecia.fasta	Male
PD_0004	Ateles_belzebuth	Atele_fusciceps.fasta	Female
PD_0005	Alouatta_macconnelli	Atele_fusciceps.fasta	Male
PD_0006	Chiropotes_israelita	Pithecia_pithecia.fasta	Female
PD_0007	Cebus_olivaceus	Cebus_albifrons.fasta	Female
PD_0008	Aotus_trivirgatus	Aotus_nancymaae.fasta	Female
PD_0009	Saguinus_inustus	Saguinus_midas.fasta	Male
PD_0010	Cebuella_niveiventris	Callithrix_jacchus.fasta	Female
PD_0011	Sapajus_macrocephalus	Cebus_albifrons.fasta	Female
PD_0012	Saimiri_ustus	Cebus_albifrons.fasta	Unknown
PD_0013	Cebus_unicolor	Cebus_albifrons.fasta	Female
PD_0014	Plecturocebus_cupreus	Pithecia_pithecia.fasta	Female
PD_0015	Pithecia_vanzolinii	Pithecia_pithecia.fasta	Male
PD_0016	Lagothrix_lagothricha	Atele_fusciceps.fasta	Male
PD_0017	Leontocebus_nigricollis	Saguinus_midas.fasta	Female
PD_0018	Cacajao_melanocephalus	Pithecia_pithecia.fasta	Male
PD_0019	Cacajao_ayresi	Pithecia_pithecia.fasta	Female
PD_0020	Cacajao_calvus	Pithecia_pithecia.fasta	Female
PD_0021	Cacajao_calvus	Pithecia_pithecia.fasta	Female
PD_0022	Cacajao_ayresi	Pithecia_pithecia.fasta	Female
PD_0023	Cacajao_calvus	Pithecia_pithecia.fasta	Female
PD_0024	Cacajao_calvus	Pithecia_pithecia.fasta	Female
PD_0025	Alouatta_seniculus	Atele_fusciceps.fasta	Female
PD_0026	Alouatta_puruensis	Atele_fusciceps.fasta	Female
PD_0027	Alouatta_discolor	Atele_fusciceps.fasta	Female
PD_0028	Allenopithecus_nigroviridis	Chlorocebus_aethiops.fasta	Male
PD_0029	Allochrocebus_lhoesti	Chlorocebus_aethiops.fasta	Female
PD_0030	Allochrocebus_preussi	Chlorocebus_aethiops.fasta	Female
PD_0031	Allochrocebus_solatus	Chlorocebus_aethiops.fasta	Male
PD_0032	Cercopithecus_ascanius	Cercopithecus_mitis.fasta	Female
PD_0033	Cercopithecus_nictitans	Cercopithecus_mitis.fasta	Male
PD_0034	Erythrocebus_patas	Erythrocebus_patas.fasta	Male
PD_0035	Hylobates_klossii	Nomascus_leucogenys.fasta	Male
PD_0036	Hylobates_abbotti	Nomascus_leucogenys.fasta	Male
PD_0037	Nomascus_concolor	Nomascus_leucogenys.fasta	Male
PD_0038	Presbytis_mitrata	Rhinopithecus_roxellana.fasta	Female
PD_0039	Piliocolobus_badius	Rhinopithecus_roxellana.fasta	Male
PD_0040	Lophocebus_aterrimus	Maleandrillus_sphinx.fasta	Male
PD_0041	Cercopithecus_cephus	Cercopithecus_mitis.fasta	Male
PD_0042	Cercopithecus_mona	Cercopithecus_mitis.fasta	Female
PD_0043	Cercopithecus_lowei	Cercopithecus_mitis.fasta	Male
PD_0044	Maleacaca_siberu	Maleacaca_mulatta.fasta	Male
PD_0045	Piliocolobus_gordonorum	Rhinopithecus_roxellana.fasta	Male
PD_0046	Piliocolobus_kirkii	Rhinopithecus_roxellana.fasta	Male
PD_0047	Piliocolobus_tephrosceles	Rhinopithecus_roxellana.fasta	Male
PD_0048	Trachypithecus_crepusculus	Rhinopithecus_roxellana.fasta	Female
PD_0049	Hylobates_muelleri	Nomascus_leucogenys.fasta	Male
PD_0050	Hylobates_agilis	Nomascus_leucogenys.fasta	Female
PD_0051	Nomascus_gabriellae	Nomascus_leucogenys.fasta	Female
PD_0052	Presbytis_comata	Rhinopithecus_roxellana.fasta	Female
PD_0053	Trachypithecus_auratus	Rhinopithecus_roxellana.fasta	Male
PD_0054	Trachypithecus_francoisi	Rhinopithecus_roxellana.fasta	Male
PD_0055	Colobus_polykomos	Colobus_guereza.fasta	Female
PD_0056	Colobus_guereza	Colobus_guereza.fasta	Male
PD_0057	Maleandrillus_sphinx	Maleandrillus_sphinx.fasta	Male
PD_0058	Cercopithecus_neglectus	Cercopithecus_mitis.fasta	Male
PD_0059	Cercopithecus_diana	Cercopithecus_mitis.fasta	Male
PD_0060	Cercopithecus_hamlyni	Cercopithecus_mitis.fasta	Female
PD_0061	Cercopithecus_mitis	Cercopithecus_mitis.fasta	Female
PD_0062	Erythrocebus_patas	Erythrocebus_patas.fasta	Male
PD_0063	Semnopithecus_vetulus	Rhinopithecus_roxellana.fasta	Male
PD_0064	Trachypithecus_obscurus	Rhinopithecus_roxellana.fasta	Male
PD_0065	Semnopithecus_johnii	Rhinopithecus_roxellana.fasta	Male
PD_0066	Cercopithecus_ascanius	Cercopithecus_mitis.fasta	Female
PD_0067	Theropithecus_gelada	Theropithecus_gelada.fasta	Male
PD_0068	Cercocebus_chrysogaster	Cercocebus_atys.fasta	Female
PD_0069	Nasalis_larvatus	Rhinopithecus_roxellana.fasta	Male
PD_0070	Maleacaca_maura	Maleacaca_mulatta.fasta	Male
PD_0071	Maleacaca_arctoides	Maleacaca_mulatta.fasta	Male
PD_0072	Alouatta_seniculus	Atele_fusciceps.fasta	Female
PD_0073	Alouatta_caraya	Atele_fusciceps.fasta	Male
PD_0074	Ateles_chamek	Atele_fusciceps.fasta	Male
PD_0075	Ateles_paniscus	Atele_fusciceps.fasta	Male
PD_0076	Ateles_marginatus	Atele_fusciceps.fasta	Female
PD_0077	Cebus_unicolor	Cebus_albifrons.fasta	Male
PD_0078	Cebus_albifrons	Cebus_albifrons.fasta	Male
PD_0079	Cebus_olivaceus	Cebus_albifrons.fasta	Female
PD_0080	Chiropotes_albinasus	Pithecia_pithecia.fasta	Female
PD_0081	Chiropotes_sagulatus	Pithecia_pithecia.fasta	Male
PD_0082	Chiropotes_sagulatus	Pithecia_pithecia.fasta	Female
PD_0083	Pithecia_pissinattii	Pithecia_pithecia.fasta	Female
PD_0084	Pithecia_chrysocephala	Pithecia_pithecia.fasta	Male
PD_0085	Pithecia_hirsuta	Pithecia_pithecia.fasta	Male
PD_0086	Pithecia_mittermeieri	Pithecia_pithecia.fasta	Male
PD_0087	Pithecia_albicans	Pithecia_pithecia.fasta	Female
PD_0088	Cacajao_calvus	Pithecia_pithecia.fasta	Female
PD_0089	Alouatta_macconnelli	Atele_fusciceps.fasta	Female
PD_0090	Cercopithecus_nictitans	Cercopithecus_mitis.fasta	Male
PD_0091	Cercopithecus_petaurista	Cercopithecus_mitis.fasta	Male
PD_0092	Cercopithecus_pogonias	Cercopithecus_mitis.fasta	Male
PD_0093	Cercopithecus_roloway	Cercopithecus_mitis.fasta	Female
PD_0094	Cercopithecus_cephus	Cercopithecus_mitis.fasta	Male
PD_0095	Cercopithecus_cephus	Cercopithecus_mitis.fasta	Male
PD_0096	Cercopithecus_mitis	Cercopithecus_mitis.fasta	Male
PD_0097	Maleacaca_leonina	Maleacaca_mulatta.fasta	Male
PD_0098	Hylobates_lar	Nomascus_leucogenys.fasta	Male
PD_0099	Nomascus_siki	Nomascus_leucogenys.fasta	Female
PD_0100	Semnopithecus_priam	Rhinopithecus_roxellana.fasta	Female
PD_0101	Trachypithecus_cristatus	Rhinopithecus_roxellana.fasta	Male
PD_0102	Semnopithecus_entellus	Rhinopithecus_roxellana.fasta	Female
PD_0103	Pygathrix_nemaeus	Rhinopithecus_roxellana.fasta	Female
PD_0104	Pygathrix_nemaeus	Rhinopithecus_roxellana.fasta	Male
PD_0105	Pygathrix_nemaeus	Rhinopithecus_roxellana.fasta	Female
PD_0106	Pygathrix_cinerea	Rhinopithecus_roxellana.fasta	Male
PD_0107	Pygathrix_cinerea	Rhinopithecus_roxellana.fasta	Male
PD_0108	Pygathrix_cinerea	Rhinopithecus_roxellana.fasta	Male
PD_0109	Pygathrix_cinerea	Rhinopithecus_roxellana.fasta	Male
PD_0110	Nycticebus_pygmaeus	Nycticebus_pygmaeus.fasta	Female
PD_0111	Nycticebus_pygmaeus	Nycticebus_pygmaeus.fasta	Male
PD_0112	Pygathrix_nigripes	Rhinopithecus_roxellana.fasta	Female
PD_0113	Pygathrix_nigripes	Rhinopithecus_roxellana.fasta	Female
PD_0114	Pygathrix_nigripes	Rhinopithecus_roxellana.fasta	Female
PD_0115	Pygathrix_nigripes	Rhinopithecus_roxellana.fasta	Female
PD_0116	Callimico_goeldii	Callithrix_jacchus.fasta	Female
PD_0117	Maleico_argentatus	Callithrix_jacchus.fasta	Male
PD_0118	Leontocebus_illigeri	Saguinus_midas.fasta	Male
PD_0119	Saguinus_imperator	Saguinus_midas.fasta	Female
PD_0120	Saguinus_labiatus	Saguinus_midas.fasta	Male
PD_0121	Saguinus_midas	Saguinus_midas.fasta	Female
PD_0122	Saguinus_oedipus	Saguinus_midas.fasta	Female
PD_0123	Leontocebus_fuscicollis	Saguinus_midas.fasta	Male
PD_0124	Maleiopithecus_ogouensis	Cercopithecus_mitis.fasta	Female
PD_0125	Cercocebus_lunulatus	Cercocebus_atys.fasta	Male
PD_0126	Allenopithecus_nigroviridis	Chlorocebus_aethiops.fasta	Male
PD_0127	Allochrocebus_lhoesti	Chlorocebus_aethiops.fasta	Male
PD_0128	Cacajao_melanocephalus	Pithecia_pithecia.fasta	Female
PD_0129	Cacajao_hosomi	Pithecia_pithecia.fasta	Male
PD_0130	Cacajao_calvus	Pithecia_pithecia.fasta	Male
PD_0131	Cacajao_ayresi	Pithecia_pithecia.fasta	Female
PD_0132	Cacajao_calvus	Pithecia_pithecia.fasta	Female
PD_0133	Cacajao_calvus	Pithecia_pithecia.fasta	Male
PD_0134	Alouatta_seniculus	Atele_fusciceps.fasta	Male
PD_0135	Alouatta_macconnelli	Atele_fusciceps.fasta	Female
PD_0136	Alouatta_seniculus	Atele_fusciceps.fasta	Male
PD_0137	Alouatta_puruensis	Atele_fusciceps.fasta	Male
PD_0138	Ateles_belzebuth	Atele_fusciceps.fasta	Female
PD_0139	Ateles_chamek	Atele_fusciceps.fasta	Female
PD_0140	Ateles_chamek	Atele_fusciceps.fasta	Female
PD_0141	Cebus_albifrons	Cebus_albifrons.fasta	Female
PD_0142	Chiropotes_albinasus	Pithecia_pithecia.fasta	Male
PD_0143	Pithecia_hirsuta	Pithecia_pithecia.fasta	Female
PD_0144	Pithecia_pissinattii	Pithecia_pithecia.fasta	Female
PD_0145	Arctocebus_calabarensis	Nycticebus_pygmaeus.fasta	Female
PD_0146	Avahi_laniger	GCF_000956105.1_Pcoq_1.0_genomic.fna	Unknown
PD_0147	Avahi_peyrierasi	GCF_000956105.1_Pcoq_1.0_genomic.fna	Unknown
PD_0148	Daubentonia_madagascariensis	Daubentonia_madagascariensis.fasta	Male
PD_0149	Eulemur_albifrons	Lemur_catta-Thomas.fasta	Female
PD_0150	Eulemur_collaris	Lemur_catta-Thomas.fasta	Female
PD_0151	Eulemur_coronatus	Lemur_catta-Thomas.fasta	Female
PD_0152	Eulemur_flavifrons	Lemur_catta-Thomas.fasta	Female
PD_0153	Eulemur_macaco	Lemur_catta-Thomas.fasta	Female
PD_0154	Eulemur_sanfordi	Lemur_catta-Thomas.fasta	Female
PD_0155	Galago_moholi	Galago_moholi.fasta	Male
PD_0156	Galago_senegalensis	Galago_moholi.fasta	Male
PD_0157	Hapalemur_gilberti	Lemur_catta-Thomas.fasta	Female
PD_0158	Hapalemur_griseus	Lemur_catta-Thomas.fasta	Female
PD_0159	Hapalemur_meridionalis	Lemur_catta-Thomas.fasta	Female
PD_0160	Hapalemur_occidentalis	Lemur_catta-Thomas.fasta	Female
PD_0161	Lepilemur_septentrionalis	Maleicrocebus_murinus.fasta	Male
PD_0162	Maleico_argentatus	Callithrix_jacchus.fasta	Female
PD_0163	Maleirza_zaza	Maleicrocebus_murinus.fasta	Male
PD_0164	Nomascus_annamensis	Nomascus_leucogenys.fasta	Male
PD_0165	Perodicticus_ibeanus	Nycticebus_pygmaeus.fasta	Female
PD_0166	Prolemur_simus	Lemur_catta-Thomas.fasta	Female
PD_0167	Propithecus_coronatus	GCF_000956105.1_Pcoq_1.0_genomic.fna	Unknown
PD_0168	Propithecus_diadema	GCF_000956105.1_Pcoq_1.0_genomic.fna	Unknown
PD_0169	Propithecus_edwardsi	GCF_000956105.1_Pcoq_1.0_genomic.fna	Unknown
PD_0170	Propithecus_perrieri	GCF_000956105.1_Pcoq_1.0_genomic.fna	Unknown
PD_0171	Propithecus_tattersalli	GCF_000956105.1_Pcoq_1.0_genomic.fna	Unknown
PD_0172	Propithecus_verreauxi	GCF_000956105.1_Pcoq_1.0_genomic.fna	Unknown
PD_0173	Chlorocebus_pygerythrus	Chlorocebus_aethiops.fasta	Male
PD_0174	Saguinus_geoffroyi	Saguinus_midas.fasta	Male
PD_0175	Alouatta_palliata	Atele_fusciceps.fasta	Female
PD_0176	Saimiri_oerstedii	Cebus_albifrons.fasta	Unknown
PD_0177	Ateles_geoffroyi	Atele_fusciceps.fasta	Female
PD_0179	Gorilla_beringei	Gorilla_gorilla_gorilla.fasta	Female
PD_0180	Gorilla_gorilla	Gorilla_gorilla_gorilla.fasta	Female
PD_0181	Gorilla_gorilla	Gorilla_gorilla_gorilla.fasta	Female
PD_0182	Gorilla_gorilla	Gorilla_gorilla_gorilla.fasta	Female
PD_0183	Gorilla_gorilla	Gorilla_gorilla_gorilla.fasta	Female
PD_0184	Gorilla_gorilla	Gorilla_gorilla_gorilla.fasta	Male
PD_0185	Gorilla_gorilla	Gorilla_gorilla_gorilla.fasta	Female
PD_0186	Gorilla_gorilla	Gorilla_gorilla_gorilla.fasta	Female
PD_0187	Gorilla_gorilla	Gorilla_gorilla_gorilla.fasta	Female
PD_0188	Gorilla_gorilla	Gorilla_gorilla_gorilla.fasta	Female
PD_0189	Gorilla_gorilla	Gorilla_gorilla_gorilla.fasta	Female
PD_0190	Gorilla_gorilla	Gorilla_gorilla_gorilla.fasta	Female
PD_0191	Gorilla_gorilla	Gorilla_gorilla_gorilla.fasta	Male
PD_0192	Gorilla_gorilla	Gorilla_gorilla_gorilla.fasta	Male
PD_0193	Gorilla_gorilla	Gorilla_gorilla_gorilla.fasta	Female
PD_0194	Gorilla_gorilla	Gorilla_gorilla_gorilla.fasta	Female
PD_0195	Gorilla_gorilla	Gorilla_gorilla_gorilla.fasta	Female
PD_0196	Gorilla_gorilla	Gorilla_gorilla_gorilla.fasta	Female
PD_0197	Gorilla_gorilla	Gorilla_gorilla_gorilla.fasta	Male
PD_0198	Gorilla_gorilla	Gorilla_gorilla_gorilla.fasta	Male
PD_0199	Papio_anubis	rheMac10.fa	Female
PD_0200	Papio_anubis	rheMac10.fa	Female
PD_0201	Papio_anubis	rheMac10.fa	Male
PD_0202	Papio_anubis	rheMac10.fa	Male
PD_0203	Papio_anubis	rheMac10.fa	Female
PD_0204	Papio_anubis	rheMac10.fa	Male
PD_0205	Papio_anubis	rheMac10.fa	Female
PD_0206	Papio_anubis	rheMac10.fa	Female
PD_0207	Papio_anubis	rheMac10.fa	Male
PD_0208	Papio_anubis	rheMac10.fa	Female
PD_0209	Papio_anubis	rheMac10.fa	Female
PD_0210	Papio_anubis	rheMac10.fa	Female
PD_0211	Papio_anubis	rheMac10.fa	Female
PD_0212	Papio_anubis	rheMac10.fa	Female
PD_0213	Papio_cynocephalus	rheMac10.fa	Female
PD_0214	Papio_cynocephalus	rheMac10.fa	Female
PD_0215	Papio_cynocephalus	rheMac10.fa	Male
PD_0216	Papio_cynocephalus	rheMac10.fa	Female
PD_0217	Papio_cynocephalus	rheMac10.fa	Male
PD_0218	Papio_anubis	rheMac10.fa	Male
PD_0219	Papio_anubis	rheMac10.fa	Female
PD_0220	Papio_anubis	rheMac10.fa	Male
PD_0221	Papio_anubis	rheMac10.fa	Female
PD_0222	Papio_anubis	rheMac10.fa	Female
PD_0223	Papio_cynocephalus	rheMac10.fa	Male
PD_0224	Papio_cynocephalus	rheMac10.fa	Female
PD_0225	Papio_cynocephalus	rheMac10.fa	Female
PD_0226	Papio_cynocephalus	rheMac10.fa	Female
PD_0227	Papio_cynocephalus	rheMac10.fa	Male
PD_0228	Papio_cynocephalus	rheMac10.fa	Male
PD_0229	Papio_cynocephalus	rheMac10.fa	Male
PD_0230	Papio_cynocephalus	rheMac10.fa	Male
PD_0231	Papio_cynocephalus	rheMac10.fa	Male
PD_0232	Papio_cynocephalus	rheMac10.fa	Female
PD_0233	Papio_cynocephalus	rheMac10.fa	Male
PD_0234	Papio_cynocephalus	rheMac10.fa	Male
PD_0235	Papio_cynocephalus	rheMac10.fa	Male
PD_0236	Papio_cynocephalus	rheMac10.fa	Male
PD_0237	Papio_cynocephalus	rheMac10.fa	Female
PD_0238	Papio_anubis	rheMac10.fa	Female
PD_0239	Papio_anubis	rheMac10.fa	Female
PD_0240	Papio_anubis	rheMac10.fa	Female
PD_0241	Papio_anubis	rheMac10.fa	Female
PD_0242	Papio_anubis	rheMac10.fa	Male
PD_0243	Papio_anubis	rheMac10.fa	Female
PD_0244	Papio_anubis	rheMac10.fa	Female
PD_0245	Lepilemur_ankaranensis	Maleicrocebus_murinus.fasta	Female
PD_0246	Lepilemur_dorsalis	Maleicrocebus_murinus.fasta	Male
PD_0247	Eulemur_collaris	Lemur_catta-Thomas.fasta	Female
PD_0248	Lepilemur_ankaranensis	Maleicrocebus_murinus.fasta	Female
PD_0249	Lepilemur_ruficaudatus	Maleicrocebus_murinus.fasta	Male
PD_0250	Lepilemur_septentrionalis	Maleicrocebus_murinus.fasta	Male
PD_0251	Propithecus_diadema	GCF_000956105.1_Pcoq_1.0_genomic.fna	Unknown
PD_0252	Propithecus_perrieri	GCF_000956105.1_Pcoq_1.0_genomic.fna	Unknown
PD_0253	Pygathrix_cinerea	Rhinopithecus_roxellana.fasta	Female
PD_0254	Pygathrix_nemaeus	Rhinopithecus_roxellana.fasta	Male
PD_0255	Pygathrix_nemaeus	Rhinopithecus_roxellana.fasta	Male
PD_0256	Cercocebus_torquatus	Cercocebus_atys.fasta	Male
PD_0257	Pan_troglodytes	Pan_troglodytes.fasta	Male
PD_0258	Pan_troglodytes	Pan_troglodytes.fasta	Female
PD_0259	Pan_troglodytes	Pan_troglodytes.fasta	Female
PD_0260	Gorilla_gorilla	Gorilla_gorilla_gorilla.fasta	Female
PD_0261	Maleacaca_mulatta	Maleacaca_mulatta.fasta	Male
PD_0262	Pongo_pygmaeus	Pongo_abelii.fasta	Female
PD_0263	Pongo_abelii	Pongo_abelii.fasta	Female
PD_0264	Gorilla_gorilla	Gorilla_gorilla_gorilla.fasta	Female
PD_0265	Papio_anubis	Papio_anubis.fasta	Female
PD_0266	Papio_anubis	Papio_anubis.fasta	Male
PD_0267	Papio_anubis	Papio_anubis.fasta	Male
PD_0268	Papio_cynocephalus	Papio_anubis.fasta	Male
PD_0269	Papio_cynocephalus	Papio_anubis.fasta	Male
PD_0270	Papio_cynocephalus	Papio_anubis.fasta	Female
PD_0271	Papio_cynocephalus	Papio_anubis.fasta	Female
PD_0272	Papio_cynocephalus	Papio_anubis.fasta	Female
PD_0273	Plecturocebus_bernhardi	Pithecia_pithecia.fasta	Male
PD_0274	Plecturocebus_brunneus	Pithecia_pithecia.fasta	Female
PD_0275	Plecturocebus_caligatus	Pithecia_pithecia.fasta	Male
PD_0276	Plecturocebus_cinerascens	Pithecia_pithecia.fasta	Male
PD_0277	Plecturocebus_dubius	Pithecia_pithecia.fasta	Female
PD_0278	Plecturocebus_grovesi	Pithecia_pithecia.fasta	Male
PD_0279	Plecturocebus_hoffmannsi	Pithecia_pithecia.fasta	Male
PD_0280	Plecturocebus_miltoni	Pithecia_pithecia.fasta	Female
PD_0281	Maleico_argentatus	Callithrix_jacchus.fasta	Male
PD_0282	Maleico_humeralifer	Callithrix_jacchus.fasta	Female
PD_0283	Maleico_spnv	Callithrix_jacchus.fasta	Male
PD_0284	Cheracebus_regulus	Pithecia_pithecia.fasta	Male
PD_0285	Cheracebus_torquatus	Pithecia_pithecia.fasta	Female
PD_0286	Aotus_vociferans	Aotus_nancymaae.fasta	Male
PD_0287	Cebuella_niveiventris	Callithrix_jacchus.fasta	Male
PD_0288	Cheracebus_lucifer	Pithecia_pithecia.fasta	Female
PD_0289	Cacajao_calvus	Pithecia_pithecia.fasta	Male
PD_0290	Cacajao_calvus	Pithecia_pithecia.fasta	Male
PD_0291	Cacajao_calvus	Pithecia_pithecia.fasta	Female
PD_0292	Cacajao_calvus	Pithecia_pithecia.fasta	Female
PD_0293	Leontopithecus_rosalia	Callithrix_jacchus.fasta	Female
PD_0294	Alouatta_belzebul	Atele_fusciceps.fasta	Female
PD_0295	Alouatta_discolor	Atele_fusciceps.fasta	Male
PD_0296	Alouatta_nigerrima	Atele_fusciceps.fasta	Female
PD_0297	Alouatta_seniculus	Atele_fusciceps.fasta	Female
PD_0298	Alouatta_seniculus	Atele_fusciceps.fasta	Male
PD_0299	Alouatta_caraya	Atele_fusciceps.fasta	Male
PD_0300	Ateles_chamek	Atele_fusciceps.fasta	Male
PD_0301	Ateles_chamek	Atele_fusciceps.fasta	Male
PD_0302	Ateles_chamek	Atele_fusciceps.fasta	Male
PD_0303	Ateles_chamek	Atele_fusciceps.fasta	Male
PD_0304	Ateles_paniscus	Atele_fusciceps.fasta	Male
PD_0305	Ateles_chamek	Atele_fusciceps.fasta	Female
PD_0306	Cacajao_calvus	Pithecia_pithecia.fasta	Male
PD_0307	Cacajao_calvus	Pithecia_pithecia.fasta	Male
PD_0308	Cacajao_calvus	Pithecia_pithecia.fasta	Male
PD_0309	Cebuella_pygmaea	Callithrix_jacchus.fasta	Male
PD_0310	Cebus_unicolor	Cebus_albifrons.fasta	Female
PD_0311	Cebus_unicolor	Cebus_albifrons.fasta	Female
PD_0312	Cheracebus_lucifer	Pithecia_pithecia.fasta	Female
PD_0313	Cheracebus_lucifer	Pithecia_pithecia.fasta	Female
PD_0314	Cheracebus_lucifer	Pithecia_pithecia.fasta	Male
PD_0315	Cheracebus_lugens	Pithecia_pithecia.fasta	Male
PD_0316	Cheracebus_lugens	Pithecia_pithecia.fasta	Male
PD_0317	Cheracebus_lugens	Pithecia_pithecia.fasta	Female
PD_0318	Cheracebus_lugens	Pithecia_pithecia.fasta	Male
PD_0319	Cheracebus_lugens	Pithecia_pithecia.fasta	Female
PD_0320	Cheracebus_lugens	Pithecia_pithecia.fasta	Female
PD_0321	Cheracebus_lugens	Pithecia_pithecia.fasta	Male
PD_0322	Cheracebus_regulus	Pithecia_pithecia.fasta	Female
PD_0323	Chiropotes_albinasus	Pithecia_pithecia.fasta	Male
PD_0324	Chiropotes_albinasus	Pithecia_pithecia.fasta	Female
PD_0325	Chiropotes_albinasus	Pithecia_pithecia.fasta	Male
PD_0326	Chiropotes_israelita	Pithecia_pithecia.fasta	Female
PD_0327	Chiropotes_israelita	Pithecia_pithecia.fasta	Male
PD_0328	Chiropotes_israelita	Pithecia_pithecia.fasta	Female
PD_0329	Chiropotes_sagulatus	Pithecia_pithecia.fasta	Female
PD_0330	Chiropotes_sagulatus	Pithecia_pithecia.fasta	Female
PD_0331	Pithecia_pissinattii	Pithecia_pithecia.fasta	Female
PD_0332	Plecturocebus_bernhardi	Pithecia_pithecia.fasta	Female
PD_0333	Plecturocebus_bernhardi	Pithecia_pithecia.fasta	Male
PD_0334	Plecturocebus_brunneus	Pithecia_pithecia.fasta	Male
PD_0335	Plecturocebus_caligatus	Pithecia_pithecia.fasta	Female
PD_0336	Plecturocebus_caligatus	Pithecia_pithecia.fasta	Male
PD_0337	Plecturocebus_cinerascens	Pithecia_pithecia.fasta	Female
PD_0338	Plecturocebus_cupreus	Pithecia_pithecia.fasta	Male
PD_0339	Plecturocebus_cupreus	Pithecia_pithecia.fasta	Male
PD_0340	Plecturocebus_cupreus	Pithecia_pithecia.fasta	Male
PD_0341	Plecturocebus_cupreus	Pithecia_pithecia.fasta	Female
PD_0342	Plecturocebus_dubius	Pithecia_pithecia.fasta	Female
PD_0343	Plecturocebus_dubius	Pithecia_pithecia.fasta	Male
PD_0344	Plecturocebus_moloch	Pithecia_pithecia.fasta	Female
PD_0345	Chiropotes_albinasus	Pithecia_pithecia.fasta	Female
PD_0346	Saguinus_bicolor	Saguinus_midas.fasta	Male
PD_0347	Leontocebus_fuscicollis	Saguinus_midas.fasta	Male
PD_0348	Saguinus_labiatus	Saguinus_midas.fasta	Male
PD_0349	Saguinus_midas	Saguinus_midas.fasta	Female
PD_0350	Saguinus_midas	Saguinus_midas.fasta	Male
PD_0351	Saguinus_mystax	Saguinus_midas.fasta	Male
PD_0352	Leontocebus_fuscicollis	Saguinus_midas.fasta	Female
PD_0353	Saimiri_cassiquiarensis	Cebus_albifrons.fasta	Female
PD_0354	Saimiri_cassiquiarensis	Cebus_albifrons.fasta	Male
PD_0355	Saimiri_cassiquiarensis	Cebus_albifrons.fasta	Male
PD_0356	Saimiri_cassiquiarensis	Cebus_albifrons.fasta	Female
PD_0357	Saimiri_cassiquiarensis	Cebus_albifrons.fasta	Male
PD_0358	Saimiri_cassiquiarensis	Cebus_albifrons.fasta	Male
PD_0359	Saimiri_cassiquiarensis	Cebus_albifrons.fasta	Male
PD_0360	Saimiri_cassiquiarensis	Cebus_albifrons.fasta	Male
PD_0361	Saimiri_macrodon	Cebus_albifrons.fasta	Male
PD_0362	Saimiri_macrodon	Cebus_albifrons.fasta	Male
PD_0363	Saimiri_ustus	Cebus_albifrons.fasta	Male
PD_0364	Saimiri_sciureus	Cebus_albifrons.fasta	Male
PD_0365	Saimiri_sciureus	Cebus_albifrons.fasta	Male
PD_0366	Saimiri_ustus	Cebus_albifrons.fasta	Male
PD_0367	Saimiri_ustus	Cebus_albifrons.fasta	Female
PD_0368	Saimiri_ustus	Cebus_albifrons.fasta	Male
PD_0369	Saimiri_ustus	Cebus_albifrons.fasta	Female
PD_0370	Saimiri_ustus	Cebus_albifrons.fasta	Male
PD_0371	Saimiri_ustus	Cebus_albifrons.fasta	Male
PD_0372	Saimiri_macrodon	Cebus_albifrons.fasta	Male
PD_0373	Saimiri_cassiquiarensis	Cebus_albifrons.fasta	Male
PD_0374	Saimiri_ustus	Cebus_albifrons.fasta	Male
PD_0375	Saimiri_ustus	Cebus_albifrons.fasta	Male
PD_0376	Sapajus_apella	Sapajus_apella.fasta	Male
PD_0377	Sapajus_apella	Sapajus_apella.fasta	Male
PD_0378	Sapajus_macrocephalus	Sapajus_apella.fasta	Male
PD_0379	Sapajus_macrocephalus	Sapajus_apella.fasta	Female
PD_0380	Sapajus_apella	Sapajus_apella.fasta	Male
PD_0381	Sapajus_macrocephalus	Sapajus_apella.fasta	Male
PD_0382	Sapajus_macrocephalus	Sapajus_apella.fasta	Female
PD_0383	Sapajus_macrocephalus	Sapajus_apella.fasta	Male
PD_0384	Sapajus_macrocephalus	Sapajus_apella.fasta	Male
PD_0385	Sapajus_macrocephalus	Sapajus_apella.fasta	Male
PD_0386	Sapajus_macrocephalus	Sapajus_apella.fasta	Male
PD_0387	Sapajus_macrocephalus	Sapajus_apella.fasta	Female
PD_0388	Sapajus_macrocephalus	Sapajus_apella.fasta	Male
PD_0389	Sapajus_macrocephalus	Sapajus_apella.fasta	Male
PD_0390	Papio_papio	rheMac10.fa	Female
PD_0391	Papio_papio	rheMac10.fa	Female
PD_0392	Papio_papio	rheMac10.fa	Female
PD_0393	Papio_papio	rheMac10.fa	Unknown
PD_0394	Papio_papio	rheMac10.fa	Unknown
PD_0395	Papio_papio	rheMac10.fa	Unknown
PD_0396	Papio_papio	rheMac10.fa	Unknown
PD_0397	Papio_papio	rheMac10.fa	Unknown
PD_0398	Papio_papio	rheMac10.fa	Unknown
PD_0399	Papio_papio	rheMac10.fa	Unknown
PD_0400	Papio_papio	rheMac10.fa	Unknown
PD_0401	Papio_papio	rheMac10.fa	Unknown
PD_0402	Cebus_albifrons	Cebus_albifrons.fasta	Female
PD_0404	Tarsius_lariang	GCF_000164805.1_Tarsius_syrichta-2.0.1_genomic.fna	Unknown
PD_0405	Tarsius_wallacei	GCF_000164805.1_Tarsius_syrichta-2.0.1_genomic.fna	Unknown
PD_0406	Cercopithecus_ascanius	Cercopithecus_mitis.fasta	Male
PD_0407	Cercopithecus_neglectus	Cercopithecus_mitis.fasta	Male
PD_0408	Cercocebus_torquatus	Cercocebus_atys.fasta	Male
PD_0409	Chiropotes_albinasus	Pithecia_pithecia.fasta	Female
PD_0410	Cercopithecus_ascanius	Cercopithecus_mitis.fasta	Female
PD_0411	Leontopithecus_rosalia	Callithrix_jacchus.fasta	Female
PD_0412	Alouatta_seniculus	Atele_fusciceps.fasta	Male
PD_0413	Alouatta_seniculus	Atele_fusciceps.fasta	Male
PD_0414	Alouatta_seniculus	Atele_fusciceps.fasta	Male
PD_0415	Alouatta_nigerrima	Atele_fusciceps.fasta	Female
PD_0416	Alouatta_macconnelli	Atele_fusciceps.fasta	Female
PD_0417	Alouatta_macconnelli	Atele_fusciceps.fasta	Male
PD_0418	Alouatta_seniculus	Atele_fusciceps.fasta	Female
PD_0419	Alouatta_puruensis	Atele_fusciceps.fasta	Male
PD_0420	Alouatta_juara	Atele_fusciceps.fasta	Female
PD_0421	Alouatta_juara	Atele_fusciceps.fasta	Male
PD_0422	Alouatta_seniculus	Atele_fusciceps.fasta	Female
PD_0423	Alouatta_seniculus	Atele_fusciceps.fasta	Male
PD_0424	Alouatta_seniculus	Atele_fusciceps.fasta	Male
PD_0425	Alouatta_seniculus	Atele_fusciceps.fasta	Female
PD_0426	Alouatta_puruensis	Atele_fusciceps.fasta	Male
PD_0427	Pan_troglodytes	Pan_troglodytes.fasta	Male
PD_0428	Alouatta_seniculus	Atele_fusciceps.fasta	Female
PD_0429	Alouatta_puruensis	Atele_fusciceps.fasta	Male
PD_0430	Alouatta_puruensis	Atele_fusciceps.fasta	Female
PD_0431	Ateles_chamek	Atele_fusciceps.fasta	Female
PD_0432	Ateles_chamek	Atele_fusciceps.fasta	Female
PD_0433	Ateles_chamek	Atele_fusciceps.fasta	Female
PD_0434	Cacajao_calvus	Pithecia_pithecia.fasta	Male
PD_0435	Cacajao_calvus	Pithecia_pithecia.fasta	Male
PD_0436	Cacajao_calvus	Pithecia_pithecia.fasta	Female
PD_0437	Cacajao_calvus	Pithecia_pithecia.fasta	Male
PD_0520	Hoolock_hoolock	Nomascus_leucogenys.fasta	Female
PD_0521	Hoolock_hoolock	Nomascus_leucogenys.fasta	Male
PD_0522	Hoolock_hoolock	Nomascus_leucogenys.fasta	Female
PD_0523	Hoolock_hoolock	Nomascus_leucogenys.fasta	Female
PD_0524	Hoolock_hoolock	Nomascus_leucogenys.fasta	Male
PD_0525	Hoolock_hoolock	Nomascus_leucogenys.fasta	Female
PD_0527	Hoolock_hoolock	Nomascus_leucogenys.fasta	Female
PD_0528	Hoolock_hoolock	Nomascus_leucogenys.fasta	Female
PD_0529	Hoolock_hoolock	Nomascus_leucogenys.fasta	Male
PD_0530	Hoolock_hoolock	Nomascus_leucogenys.fasta	Female
PD_0531	Loris_lydekkerianus	Loris_tardigradus.fasta	Male
PD_0532	Loris_lydekkerianus	Loris_tardigradus.fasta	Male
PD_0533	Maleacaca_arctoides	Maleacaca_mulatta.fasta	Female
PD_0534	Maleacaca_arctoides	Maleacaca_mulatta.fasta	Male
PD_0535	Maleacaca_arctoides	Maleacaca_mulatta.fasta	Female
PD_0536	Maleacaca_arctoides	Maleacaca_mulatta.fasta	Male
PD_0537	Hoolock_hoolock	1593569	Male
PD_0538	Maleacaca_fascicularis	Maleacaca_mulatta.fasta	Male
PD_0539	Maleacaca_fascicularis	Maleacaca_mulatta.fasta	Male
PD_0540	Maleacaca_leonina	Maleacaca_mulatta.fasta	Male
PD_0541	Maleacaca_leonina	Maleacaca_mulatta.fasta	Female
PD_0542	Maleacaca_leonina	Maleacaca_mulatta.fasta	Female
PD_0543	Maleacaca_leonina	Maleacaca_mulatta.fasta	Female
PD_0544	Maleacaca_leonina	Maleacaca_mulatta.fasta	Male
PD_0546	Maleacaca_mulatta	Maleacaca_mulatta.fasta	Male
PD_0547	Maleacaca_mulatta	Maleacaca_mulatta.fasta	Male
PD_0548	Maleacaca_mulatta	Maleacaca_mulatta.fasta	Male
PD_0549	Maleacaca_mulatta	Maleacaca_mulatta.fasta	Male
PD_0550	Maleacaca_mulatta	Maleacaca_mulatta.fasta	Male
PD_0551	Maleacaca_mulatta	Maleacaca_mulatta.fasta	Male
PD_0552	Maleacaca_radiata	Maleacaca_mulatta.fasta	Female
PD_0553	Maleacaca_radiata	Maleacaca_mulatta.fasta	Male
PD_0554	Maleacaca_radiata	Maleacaca_mulatta.fasta	Male
PD_0555	Maleacaca_radiata	Maleacaca_mulatta.fasta	Male
PD_0556	Maleacaca_radiata	Maleacaca_mulatta.fasta	Female
PD_0557	Maleacaca_radiata	Maleacaca_mulatta.fasta	Female
PD_0558	Maleacaca_radiata	Maleacaca_mulatta.fasta	Male
PD_0559	Maleacaca_radiata	Maleacaca_mulatta.fasta	Female
PD_0560	Maleacaca_radiata	Maleacaca_mulatta.fasta	Male
PD_0561	Maleacaca_radiata	Maleacaca_mulatta.fasta	Female
PD_0562	Maleacaca_radiata	Maleacaca_mulatta.fasta	Male
PD_0563	Maleacaca_radiata	Maleacaca_mulatta.fasta	Male
PD_0564	Maleacaca_radiata	Maleacaca_mulatta.fasta	Male
PD_0565	Maleacaca_silenus	Maleacaca_mulatta.fasta	Male
PD_0566	Maleacaca_silenus	Maleacaca_mulatta.fasta	Male
PD_0567	Maleacaca_silenus	Maleacaca_mulatta.fasta	Male
PD_0568	Maleacaca_silenus	Maleacaca_mulatta.fasta	Male
PD_0569	Maleacaca_silenus	Maleacaca_mulatta.fasta	Female
PD_0570	Maleacaca_silenus	Maleacaca_mulatta.fasta	Female
PD_0571	Maleacaca_silenus	Maleacaca_mulatta.fasta	Female
PD_0572	Maleacaca_silenus	Maleacaca_mulatta.fasta	Female
PD_0573	Maleacaca_silenus	Maleacaca_mulatta.fasta	Female
PD_0574	Maleacaca_silenus	Maleacaca_mulatta.fasta	Male
PD_0575	Maleacaca_silenus	Maleacaca_mulatta.fasta	Female
PD_0576	Maleacaca_silenus	Maleacaca_mulatta.fasta	Male
PD_0577	Maleacaca_silenus	Maleacaca_mulatta.fasta	Female
PD_0578	Nycticebus_bengalensis	Nycticebus_pygmaeus.fasta	Male
PD_0579	Nycticebus_bengalensis	Nycticebus_pygmaeus.fasta	Female
PD_0580	Nycticebus_bengalensis	Nycticebus_pygmaeus.fasta	Female
PD_0581	Nycticebus_bengalensis	Nycticebus_pygmaeus.fasta	Male
PD_0582	Semnopithecus_entellus	Rhinopithecus_roxellana.fasta	Female
PD_0583	Semnopithecus_entellus	Rhinopithecus_roxellana.fasta	Female
PD_0584	Semnopithecus_entellus	Rhinopithecus_roxellana.fasta	Female
PD_0585	Semnopithecus_entellus	Rhinopithecus_roxellana.fasta	Male
PD_0586	Semnopithecus_entellus	Rhinopithecus_roxellana.fasta	Male
PD_0587	Semnopithecus_entellus	Rhinopithecus_roxellana.fasta	Female
PD_0588	Semnopithecus_entellus	Rhinopithecus_roxellana.fasta	Male
PD_0589	Semnopithecus_hypoleucos	Rhinopithecus_roxellana.fasta	Male
PD_0590	Semnopithecus_hypoleucos	Rhinopithecus_roxellana.fasta	Male
PD_0591	Semnopithecus_hypoleucos	Rhinopithecus_roxellana.fasta	Male
PD_0592	Semnopithecus_hypoleucos	Rhinopithecus_roxellana.fasta	Male
PD_0593	Semnopithecus_schistaceus	Rhinopithecus_roxellana.fasta	Male
PD_0594	Semnopithecus_schistaceus	Rhinopithecus_roxellana.fasta	Female
PD_0595	Trachypithecus_geei	Rhinopithecus_roxellana.fasta	Male
PD_0596	Trachypithecus_geei	Rhinopithecus_roxellana.fasta	Female
PD_0597	Trachypithecus_geei	Rhinopithecus_roxellana.fasta	Male
PD_0598	Trachypithecus_geei	Rhinopithecus_roxellana.fasta	Male
PD_0599	Trachypithecus_geei	Rhinopithecus_roxellana.fasta	Male
PD_0600	Trachypithecus_geei	Rhinopithecus_roxellana.fasta	Male
PD_0601	Semnopithecus_johnii	Rhinopithecus_roxellana.fasta	Male
PD_0602	Trachypithecus_phayrei	Rhinopithecus_roxellana.fasta	Male
PD_0603	Trachypithecus_pileatus	Rhinopithecus_roxellana.fasta	Female
PD_0604	Varecia_rubra	Lemur_catta-Thomas.fasta	Female
PD_0605	Cheirogaleus_major	Maleicrocebus_murinus.fasta	Female
PD_0606	Cheirogaleus_medius	Maleicrocebus_murinus.fasta	Male
PD_0607	Maleicrocebus_murinus	Maleicrocebus_murinus.fasta	Male
PD_0608	Maleirza_zaza	Maleicrocebus_murinus.fasta	Female
PD_0609	Propithecus_coquereli	GCF_000956105.1_Pcoq_1.0_genomic.fna	Unknown
PD_0610	Eulemur_collaris	Lemur_catta-Thomas.fasta	Female
PD_0611	Eulemur_coronatus	Lemur_catta-Thomas.fasta	Female
PD_0612	Eulemur_flavifrons	Lemur_catta-Thomas.fasta	Female
PD_0613	Eulemur_fulvus	Lemur_catta-Thomas.fasta	Female
PD_0614	Eulemur_macaco	Lemur_catta-Thomas.fasta	Female
PD_0615	Eulemur_mongoz	Lemur_catta-Thomas.fasta	Female
PD_0616	Eulemur_rubriventer	Lemur_catta-Thomas.fasta	Female
PD_0617	Eulemur_rufus	Lemur_catta-Thomas.fasta	Female
PD_0618	Eulemur_sanfordi	Lemur_catta-Thomas.fasta	Female
PD_0619	Hapalemur_alaotrensis	Lemur_catta-Thomas.fasta	Female
PD_0620	Lemur_catta	Lemur_catta-Thomas.fasta	Female
PD_0621	Varecia_variegata	Lemur_catta-Thomas.fasta	Female
PD_0622	Galagoides_demidoff	Galago_moholi.fasta	Female
PD_0623	Otolemur_crassicaudatus	Otolemur_garnettii.fasta	Female
PD_0624	Otolemur_garnettii	Otolemur_garnettii.fasta	Male
PD_0625	Otolemur_crassicaudatus	Otolemur_garnettii.fasta	Female
PD_0626	Loris_tardigradus	Loris_tardigradus.fasta	Male
PD_0627	Perodicticus_potto	Nycticebus_pygmaeus.fasta	Male
PD_0628	Cephalopachus_bancanus	GCF_000164805.1_Tarsius_syrichta-2.0.1_genomic.fna	Unknown
PD_0629	Carlito_syrichta	GCF_000164805.1_Tarsius_syrichta-2.0.1_genomic.fna	Unknown
PD_0692	Papio_ursinus	rheMac10.fa	Unknown
PD_0693	Papio_ursinus	rheMac10.fa	Unknown
PD_0694	Papio_ursinus	rheMac10.fa	Unknown
PD_0695	Papio_ursinus	rheMac10.fa	Unknown
PD_0696	Papio_hamadryas	rheMac10.fa	Unknown
PD_0697	Papio_hamadryas	rheMac10.fa	Unknown
PD_0698	Papio_hamadryas	rheMac10.fa	Unknown
PD_0699	Papio_hamadryas	rheMac10.fa	Unknown
PD_0700	Papio_hamadryas	rheMac10.fa	Unknown
PD_0701	Papio_hamadryas	rheMac10.fa	Unknown
PD_0702	Papio_hamadryas	rheMac10.fa	Unknown
PD_0703	Papio_hamadryas	rheMac10.fa	Unknown
PD_0704	Papio_hamadryas	rheMac10.fa	Unknown
PD_0705	Papio_hamadryas	rheMac10.fa	Unknown
PD_0706	Papio_hamadryas	rheMac10.fa	Unknown
PD_0707	Papio_hamadryas	rheMac10.fa	Unknown
PD_0708	Papio_hamadryas	rheMac10.fa	Unknown
PD_0709	Papio_hamadryas	rheMac10.fa	Unknown
PD_0710	Papio_hamadryas	rheMac10.fa	Unknown
PD_0711	Papio_hamadryas	rheMac10.fa	Unknown
PD_0712	Papio_hamadryas	rheMac10.fa	Unknown
PD_0713	Papio_hamadryas	rheMac10.fa	Unknown
PD_0714	Papio_hamadryas	rheMac10.fa	Unknown
PD_0715	Papio_hamadryas	rheMac10.fa	Unknown
PD_0716	Papio_hamadryas	rheMac10.fa	Unknown
PD_0717	Papio_hamadryas	rheMac10.fa	Unknown
PD_0718	Papio_hamadryas	rheMac10.fa	Unknown
PD_0719	Papio_hamadryas	rheMac10.fa	Unknown
PD_0720	Papio_anubis	rheMac10.fa	Unknown
PD_0721	Papio_anubis	rheMac10.fa	Unknown
PD_0722	Papio_anubis	rheMac10.fa	Unknown
PD_0723	Papio_anubis	rheMac10.fa	Unknown
PD_0724	Papio_anubis	rheMac10.fa	Unknown
PD_0725	Papio_anubis	rheMac10.fa	Unknown
PD_0726	Papio_anubis	rheMac10.fa	Unknown
PD_0727	Papio_anubis	rheMac10.fa	Unknown
PD_0728	Papio_anubis	rheMac10.fa	Unknown
PD_0729	Papio_anubis	rheMac10.fa	Unknown
PD_0730	Papio_anubis	rheMac10.fa	Unknown
PD_0731	Papio_anubis	rheMac10.fa	Unknown
PD_0732	Papio_anubis	rheMac10.fa	Unknown
PD_0733	Papio_anubis	rheMac10.fa	Unknown
PD_0734	Papio_anubis	rheMac10.fa	Unknown
PD_0735	Papio_anubis	rheMac10.fa	Unknown
PD_0736	Papio_anubis	rheMac10.fa	Unknown
PD_0737	Papio_anubis	rheMac10.fa	Unknown
PD_0738	Papio_anubis	rheMac10.fa	Unknown
PD_0739	Papio_anubis	rheMac10.fa	Unknown
PD_0740	Papio_anubis	rheMac10.fa	Unknown
PD_0741	Papio_anubis	rheMac10.fa	Unknown
PD_0742	Papio_anubis	rheMac10.fa	Unknown
PD_0743	Papio_anubis	rheMac10.fa	Unknown
PD_0744	Papio_anubis	rheMac10.fa	Unknown
PD_0745	Papio_cynocephalus	rheMac10.fa	Unknown
PD_0746	Papio_cynocephalus	rheMac10.fa	Unknown
PD_0747	Papio_cynocephalus	rheMac10.fa	Unknown
PD_0748	Papio_cynocephalus	rheMac10.fa	Unknown
PD_0749	Papio_kindae	rheMac10.fa	Unknown
PD_0750	Papio_kindae	rheMac10.fa	Unknown
PD_0751	Papio_kindae	rheMac10.fa	Unknown
PD_0752	Papio_cynocephalus	rheMac10.fa	Unknown
PD_0753	Papio_cynocephalus	rheMac10.fa	Unknown
PD_0754	Papio_cynocephalus	rheMac10.fa	Unknown
PD_0755	Papio_cynocephalus	rheMac10.fa	Unknown
PD_0756	Papio_cynocephalus	rheMac10.fa	Unknown
PD_0757	Papio_cynocephalus	rheMac10.fa	Unknown
PD_0758	Papio_kindae	rheMac10.fa	Unknown
PD_0759	Papio_kindae	rheMac10.fa	Unknown
PD_0760	Papio_kindae	rheMac10.fa	Unknown
PD_0761	Papio_cynocephalus	rheMac10.fa	Unknown
PD_0762	Papio_cynocephalus	rheMac10.fa	Unknown
PD_0763	Papio_cynocephalus	rheMac10.fa	Unknown
PD_0764	Papio_cynocephalus	rheMac10.fa	Unknown
PD_0765	Papio_cynocephalus	rheMac10.fa	Unknown
PD_0766	Papio_cynocephalus	rheMac10.fa	Unknown
PD_0767	Papio_cynocephalus	rheMac10.fa	Unknown
PD_0768	Papio_cynocephalus	rheMac10.fa	Unknown
PD_0769	Papio_cynocephalus	rheMac10.fa	Unknown
PD_0770	Papio_cynocephalus	rheMac10.fa	Unknown
PD_0771	Papio_cynocephalus	rheMac10.fa	Unknown
PD_0772	Papio_cynocephalus	rheMac10.fa	Unknown
PD_0773	Papio_cynocephalus	rheMac10.fa	Unknown
PD_0774	Papio_cynocephalus	rheMac10.fa	Unknown
PD_0775	Papio_cynocephalus	rheMac10.fa	Unknown
PD_0776	Papio_kindae	rheMac10.fa	Unknown
PD_0777	Papio_kindae	rheMac10.fa	Unknown
PD_0778	Papio_kindae	rheMac10.fa	Unknown
PD_0779	Papio_kindae	rheMac10.fa	Unknown
PD_0780	Papio_kindae	rheMac10.fa	Unknown
PD_0781	Papio_kindae	rheMac10.fa	Unknown
PD_0782	Papio_kindae	rheMac10.fa	Unknown
PD_0783	Papio_kindae	rheMac10.fa	Unknown
PD_0784	Papio_kindae	rheMac10.fa	Unknown
PD_0785	Papio_kindae	rheMac10.fa	Unknown
PD_0786	Papio_kindae	rheMac10.fa	Unknown
PD_0787	Papio_kindae	rheMac10.fa	Unknown
PD_0788	Papio_kindae	rheMac10.fa	Unknown
PD_0789	Papio_kindae	rheMac10.fa	Unknown
PD_0790	Papio_kindae	rheMac10.fa	Unknown
PD_0791	Papio_kindae	rheMac10.fa	Unknown
PD_0792	Papio_kindae	rheMac10.fa	Unknown
PD_0793	Papio_kindae	rheMac10.fa	Unknown
PD_0794	Aotus_vociferans	Aotus_nancymaae.fasta	Male
PD_0794_BAB	Papio_kindae	rheMac10.fa	Unknown
PD_0795	Aotus_vociferans	Aotus_nancymaae.fasta	Male
PD_0796	Aotus_vociferans	Aotus_nancymaae.fasta	Male
PD_0797	Aotus_vociferans	Aotus_nancymaae.fasta	Male
PD_0798	Aotus_azarae	Aotus_nancymaae.fasta	Male
PD_0799	Aotus_azarae	Aotus_nancymaae.fasta	Male
PD_0800	Aotus_azarae	Aotus_nancymaae.fasta	Female
PD_0801	Aotus_azarae	Aotus_nancymaae.fasta	Male
PD_0802	Aotus_griseimembra	Aotus_nancymaae.fasta	Male
PD_0803	Aotus_griseimembra	Aotus_nancymaae.fasta	Male
PD_0804	Aotus_griseimembra	Aotus_nancymaae.fasta	Male
PD_0805	Aotus_griseimembra	Aotus_nancymaae.fasta	Male
PD_0806	Aotus_azarae	Aotus_nancymaae.fasta	Male
PD_0807	Aotus_azarae	Aotus_nancymaae.fasta	Female
PD_0808	Aotus_azarae	Aotus_nancymaae.fasta	Female
PD_0809	Aotus_azarae	Aotus_nancymaae.fasta	Male
PD_0810	Aotus_azarae	Aotus_nancymaae.fasta	Female
PD_0811	Aotus_azarae	Aotus_nancymaae.fasta	Female
PD_0812	Aotus_azarae	Aotus_nancymaae.fasta	Male
PD_0813	Aotus_azarae	Aotus_nancymaae.fasta	Male
PD_0814	Aotus_azarae	Aotus_nancymaae.fasta	Female
PD_0815	Aotus_azarae	Aotus_nancymaae.fasta	Male
PD_0816	Maleacaca_fascicularis	Maleacaca_mulatta.fasta	Male
PD_0817	Maleacaca_fascicularis	Maleacaca_mulatta.fasta	Female
PD_0818	Maleacaca_fascicularis	Maleacaca_mulatta.fasta	Female
PD_0819	Maleacaca_fascicularis	Maleacaca_mulatta.fasta	Male
PD_0820	Maleacaca_fascicularis	Maleacaca_mulatta.fasta	Male
PD_0821	Maleacaca_fascicularis	Maleacaca_mulatta.fasta	Male
PD_0822	Maleacaca_fascicularis	Maleacaca_mulatta.fasta	Male
PD_0823	Maleacaca_fascicularis	Maleacaca_mulatta.fasta	Male
PD_0824	Maleacaca_fascicularis	Maleacaca_mulatta.fasta	Male
PD_0825	Maleacaca_fascicularis	Maleacaca_mulatta.fasta	Female
PD_0826	Maleacaca_fascicularis	Maleacaca_mulatta.fasta	Female
PD_0827	Maleacaca_fascicularis	Maleacaca_mulatta.fasta	Female
PD_0828	Maleacaca_fascicularis	Maleacaca_mulatta.fasta	Female
PD_0829	Maleacaca_fascicularis	Maleacaca_mulatta.fasta	Female
PD_0830	Maleacaca_fascicularis	Maleacaca_mulatta.fasta	Female
PD_0831	Maleacaca_fascicularis	Maleacaca_mulatta.fasta	Male
PD_0832	Maleacaca_fascicularis	Maleacaca_mulatta.fasta	Female
PD_0833	Maleacaca_fascicularis	Maleacaca_mulatta.fasta	Female
PD_0834	Maleacaca_fascicularis	Maleacaca_mulatta.fasta	Female
PD_0835	Maleacaca_fascicularis	Maleacaca_mulatta.fasta	Female
PD_0836	Maleacaca_fascicularis	Maleacaca_mulatta.fasta	Male
PD_0837	Maleacaca_fascicularis	Maleacaca_mulatta.fasta	Female
PD_0838	Maleacaca_fascicularis	Maleacaca_mulatta.fasta	Female
PD_0839	Nycticebus_bengalensis	Nycticebus_pygmaeus.fasta	Male
PD_0840	Leontopithecus_chrysomelas	Callithrix_jacchus.fasta	Male
PD_0841	Leontopithecus_chrysomelas	Callithrix_jacchus.fasta	Female
PD_0842	Nycticebus_bengalensis	Nycticebus_pygmaeus.fasta	Female
PD_0843	Semnopithecus_vetulus	PASS	Unknown
PD_0844	Leontopithecus_chrysomelas	Callithrix_jacchus.fasta	Male
PD_0845	Nycticebus_bengalensis	Nycticebus_pygmaeus.fasta	Female
PD_0846	Nycticebus_bengalensis	Nycticebus_pygmaeus.fasta	Female
PD_0847	Semnopithecus_vetulus	PASS	Unknown
PD_0848	Rhinopithecus_roxellana	Rhinopithecus_roxellana.fasta	Male
PD_0849	Trachypithecus_laotum	Rhinopithecus_roxellana.fasta	Male
PD_0850	Trachypithecus_melamera	Rhinopithecus_roxellana.fasta	Male
PD_0851	Trachypithecus_leucocephalus	WARN	Unknown
PD_0852	Trachypithecus_hatinhensis	Rhinopithecus_roxellana.fasta	Male
PD_0853	Trachypithecus_germaini	Rhinopithecus_roxellana.fasta	Male
PD_0854	Indri_indri	GCF_000956105.1_Pcoq_1.0_genomic.fna	Unknown
PD_0855	Nycticebus_coucang	Nycticebus_pygmaeus.fasta	Male
PD_0856	Maleacaca_nigra	Maleacaca_mulatta.fasta	Female
PD_0857	Maleacaca_tonkeana	Maleacaca_mulatta.fasta	Male
PD_0858	Maleacaca_nemestrina	Maleacaca_mulatta.fasta	Male
PD_0859	Maleacaca_assamensis	Maleacaca_mulatta.fasta	Male
PD_0860	Maleacaca_arctoides	Maleacaca_mulatta.fasta	Female
PD_0861	Callithrix_jacchus	Callithrix_jacchus.fasta	Female
PD_0863	Callithrix_geoffroyi	Callithrix_jacchus.fasta	Male
PD_0865	Callithrix_kuhlii	Callithrix_jacchus.fasta	Male
PD_0867	Maleacaca_nemestrina	Maleacaca_mulatta.fasta	Female
PD_0870	Maleacaca_nemestrina	Maleacaca_mulatta.fasta	Female
PD_0872	Maleacaca_nemestrina	Maleacaca_mulatta.fasta	Female
PD_0874	Maleacaca_nemestrina	Maleacaca_mulatta.fasta	Female
PD_0876	Maleandrillus_leucophaeus	Maleandrillus_sphinx.fasta	Female
PD_0879	Colobus_angolensis	Colobus_guereza.fasta	Female
PD_0881	Rhinopithecus_bieti	Rhinopithecus_roxellana.fasta	Male
PD_0883	Maleacaca_thibetana	Maleacaca_mulatta.fasta	Female
PD_0884	Nomascus_leucogenys	Nomascus_leucogenys.fasta	Female
PD_0885	Maleacaca_cyclopis	Maleacaca_mulatta.fasta	Male
PD_0886	Maleacaca_fuscata	Maleacaca_mulatta.fasta	Male
